{"ProjectBreakpoints":"{\"Value\":{\"Framework/InitAllSettings.xaml\":[{\"ConditionalExpression\":null,\"ActionExpression\":null,\"ExpectedHitCounter\":null,\"ShouldContinueAfterAction\":false,\"IsTransient\":false,\"IsEnabled\":true,\"Id\":\"07ef6dfb-22fe-43e3-8636-404290d3a3b7\",\"ActivityIdRef\":\"Assign_49\",\"ActivityId\":\"1.5\",\"ActivityName\":\"Assign\"}],\"System1/System1_ExtractClientInformation.xaml\":[{\"ConditionalExpression\":null,\"ActionExpression\":null,\"ExpectedHitCounter\":null,\"ShouldContinueAfterAction\":false,\"IsTransient\":false,\"IsEnabled\":false,\"Id\":\"515fb039-4289-49fa-b767-310a9a4e6a67\",\"ActivityIdRef\":\"Assign_10\",\"ActivityId\":\"1.22\",\"ActivityName\":\"Assign\"},{\"ConditionalExpression\":null,\"ActionExpression\":null,\"ExpectedHitCounter\":null,\"ShouldContinueAfterAction\":false,\"IsTransient\":false,\"IsEnabled\":false,\"Id\":\"8fa63cec-2ab9-4a9f-ac90-03637db82973\",\"ActivityIdRef\":\"LogMessage_1\",\"ActivityId\":\"1.34\",\"ActivityName\":\"Log Message\"}],\"Framework/Process.xaml\":[{\"ConditionalExpression\":null,\"ActionExpression\":null,\"ExpectedHitCounter\":null,\"ShouldContinueAfterAction\":false,\"IsTransient\":false,\"IsEnabled\":false,\"Id\":\"6ca8623a-9fed-4548-a61a-af4e1380059a\",\"ActivityIdRef\":\"Assign_1\",\"ActivityId\":\"1.15\",\"ActivityName\":\"Assign\"}],\"SHA1/SHA1_ProcessHash.xaml\":[{\"ConditionalExpression\":null,\"ActionExpression\":null,\"ExpectedHitCounter\":null,\"ShouldContinueAfterAction\":false,\"IsTransient\":false,\"IsEnabled\":false,\"Id\":\"f9f54273-fdc3-4a24-8f6a-017dc3343b5a\",\"ActivityIdRef\":\"If_1\",\"ActivityId\":\"1.4\",\"ActivityName\":\"If\"}]}}","OpenedDocuments":"[\"Framework/InitAllApplications.xaml\",\"System1/System1_Login.xaml\",\"SHA1/SHA1_Close.xaml\",\"Framework/SetTransactionStatus.xaml\",\"SHA1/SHA1_ProcessHash.xaml\",\"System1/System1_ExtractClientInformation.xaml\",\"Framework/GetTransactionData.xaml\",\"System1/System1_NavigateTo_WorkItems.xaml\",\"Framework/Process.xaml\",\"System1/System1_UpdateWorkItem.xaml\",\"SHA1/SHA1_OPEN.xaml\",\"Main.xaml\",\"Framework/CloseAllApplications.xaml\"]","ProjectWatches":"{\"Value\":[]}"}